{
  "fee_total": 100000,
  "validator_fraction": 0.7,
  "burn_fraction": 0.2,
  "beta_max": 0.15,
  "authorities": [
    {
      "authority_id": "regenvaloper1a",
      "beta": 0.0
    },
    {
      "authority_id": "regenvaloper1b",
      "beta": 0.1
    },
    {
      "authority_id": "regenvaloper1c",
      "beta": 0.15
    }
  ],
  "expected": {
    "validator_pool": 70000,
    "burn_pool": 20000,
    "community_pool": 10000,
    "payouts_by_authority": {
      "regenvaloper1a": 21538,
      "regenvaloper1b": 23692,
      "regenvaloper1c": 24770
    }
  }
}